"description","price","title","count"
"Description 22472b4b-4200-4355-805f-a74f5f20fea1","4457","Guitar 85f85f53-4102-4b33-9380-dafcc0081c45","1"
"Description cc233d68-43da-4fd3-a99b-14421105a347","3469","Guitar e9276f4d-878b-4ff7-9a6b-a37bf2b9acd2","2"
"Description f25a8cda-27bc-469e-84e6-f04e163aecfd","9.99","Product f25a8cda-27bc-469e-84e6-f04e163aecfd","3"
"Description abab8863-5df8-4854-89b3-a86f024607d7","4197","Guitar 12e2472f-d0d8-4305-ada1-7c3dcdd242c4","4"
"Description f7b75b83-18f9-4bce-bed7-a93a11eb3622","974","Guitar d33a7008-50fc-4052-a859-c9eb49500244","5"
"Description 65a48c0a-6ef7-4caf-900c-f1d5aeaf965a","2805","Guitar 3e100e51-bb32-486f-8bda-e6b993966c35","6"
"Description e6b2c609-90e7-4466-87d0-3bebd93e4325","3512","Guitar 34258a8e-ea01-4d19-b902-4def75e36c73","7"
"Description bf703968-cc8f-4acb-97c9-0845122801f7","3526","Guitar 5a1933f2-119b-4c62-b985-37224da7cdda","8"
"Description f25a8cda-27bc-469e-84e6-f04e163aecfd","9.99","Product f25a8cda-27bc-469e-84e6-f04e163aecfd","9"
"Description fd768451-4a77-4a95-9835-416beb7b689f","2681","Guitar 6e793503-c5a4-495d-a470-cf24989094e3","10"
"Description eb815a2b-aed2-4db8-bf44-03542dc16ad4","3556","Guitar b520b2a9-c964-41f8-94a7-2a1c7a36bc77","11"
"Description 4239ba41-380f-49cf-8887-bbce9b7579a6","3280","Guitar ddf82654-e7fe-4084-a9cc-fbd2d97d6338","12"
"Description bea3da10-76f1-435f-bc70-54385cd2b9e0","2448","Guitar 796fd1ce-3d06-426f-8ec4-23949f3bbef0","13"
"Description 10d0089b-b850-4ded-9a94-5482d797bc32","3184","Guitar 72e645d1-ad39-426a-93b5-c9ae9ea80265","14"
"Description ec891a2f-47b5-4902-a580-e1abbb0f6d1b","2275","Guitar 45abab0d-c3bb-47b6-a611-64264e93c032","15"
"Description 23403fa5-002a-4401-9ec8-b6311becad76","2462","Guitar 3cd26a60-a593-49da-8fbf-560352c3d859","16"
"Description 1e789cb9-3203-4947-a8e1-93836ae88de3","4517","Guitar d04f3620-65a2-4a47-bf8d-087247da1318","17"
